,Symbol,Sector,PER,ROA,ROE,REC,EPS
0,MMM,Industrials,17.382278,0.05448,0.93824,buy,7.9
1,AOS,Industrials,15.968058,0.13533,0.28627002,buy,4.07
2,ABT,Healthcare,24.970932,Unknown,Unknown,buy,5.16
3,ABBV,Healthcare,15.338829,Unknown,Unknown,buy,12.13
4,ACN,Technology,20.852169,0.11576,0.26965,buy,14.07
5,ADBE,Technology,17.893917,0.17194,0.47284,buy,20.55
6,AMD,Technology,18.949999,0.019019999,0.02893,buy,5.1
7,AES,Utilities,4.950739,0.02733,0.10055,buy,2.03
8,AFL,Financial Services,15.054394,0.03384,0.22639999,hold,7.17
9,A,Healthcare,18.81062,0.08392999,0.20614,buy,5.65
10,APD,Basic Materials,18.850388,0.048249997,0.22396,buy,14.17
11,ABNB,Consumer Cyclical,27.224445,0.07671,0.31948,hold,4.5
12,AKAM,Technology,11.944612,0.03924,0.10657,buy,6.68
13,ALB,Basic Materials,31.375,-0.02142,-0.11432,hold,1.84
14,ARE,Real Estate,22.058138,0.0141900005,0.02269,buy,3.44
15,ALGN,Healthcare,17.87037,0.06866,0.112629995,buy,10.26
16,ALLE,Industrials,17.521181,0.11533,0.42051998,hold,7.79
17,LNT,Utilities,18.804955,0.02645,0.10014,buy,3.23
18,ALL,Financial Services,10.137152,0.03618,0.23586,buy,19.03
19,GOOGL,Communication Services,18.075893,0.16896999,0.34789002,buy,8.96
20,GOOG,Communication Services,18.307264,0.16896999,0.34789002,buy,8.95
21,MO,Consumer Defensive,10.88972,0.20511,Unknown,hold,5.35
22,AMZN,Consumer Cyclical,30.730082,0.07438,0.24290001,strong_buy,6.15
23,AMCR,Consumer Cyclical,12.075949,0.05138,0.20721,buy,0.79
24,AEE,Utilities,19.975609,0.026630001,0.100080006,buy,4.92
25,AEP,Utilities,18.122242,0.02861,0.113859996,hold,5.89
26,AXP,Financial Services,17.51389,0.03727,0.34273,buy,15.12
27,AIG,Financial Services,12.104322,0.00754,0.057540003,buy,6.71
28,AMT,Real Estate,31.048603,0.04532,0.31768,buy,6.79
29,AWK,Utilities,25.257896,0.03457,0.10443,hold,5.7
30,AMP,Financial Services,12.06161,0.022219999,0.58108,buy,38.63
31,AME,Industrials,22.834246,0.07501,0.1497,buy,7.3
32,AMGN,Healthcare,13.586841,0.064,0.67553,buy,20.67
33,APH,Technology,35.115738,0.118219994,0.27526,buy,2.16
34,ADI,Technology,25.807692,0.02616,0.04429,buy,7.54
35,ANSS,Technology,29.126247,0.058369998,0.10032,hold,11.01
36,AON,Financial Services,19.312824,0.05988,0.72012,buy,17.39
37,APA,Energy,5.9454546,0.07467,0.22242,hold,2.75
38,APO,Financial Services,15.7311325,0.01844,0.22670001,buy,8.48
39,AAPL,Technology,25.184114,0.22518998,1.3652,buy,8.31
40,AMAT,Technology,15.639836,0.15558,0.35186002,buy,9.69
41,APTV,Consumer Cyclical,8.012894,0.05511,0.17297001,buy,6.98
42,ACGL,Financial Services,10.030973,0.044499997,0.22014,buy,9.04
43,ADM,Consumer Defensive,9.516765,0.0233,0.07587,hold,5.07
44,ANET,Technology,8.007195,0.15336001,0.33137,buy,9.73
45,AJG,Financial Services,28.572695,0.030280001,0.09488,buy,11.28
46,AIZ,Financial Services,10.648995,0.01893,0.15332,none,17.92
47,T,Communication Services,11.96875,0.04188,0.10885,buy,2.24
48,ATO,Utilities,22.14846,0.03504,0.09009,buy,7.14
49,ADSK,Technology,29.404139,0.085260004,0.49687,buy,9.18
50,ADP,Technology,26.840847,0.054569997,0.83716005,hold,10.87
51,AZO,Consumer Cyclical,20.705196,0.13438,Unknown,buy,174.32
52,AVB,Real Estate,37.140793,0.02898,0.09122,buy,5.54
53,AVY,Consumer Cyclical,16.230988,0.08647,0.31949,buy,10.52
54,AXON,Industrials,97.38388,0.012180001,0.19122,buy,6.2
55,BKR,Energy,14.18288,0.05787,0.18035999,buy,2.57
56,BALL,Consumer Cyclical,14.322947,0.04004,0.08805,buy,3.53
57,BAC,Financial Services,10.844262,0.00841,0.094560005,strong_buy,3.66
58,BAX,Healthcare,10.493055,0.02053,-0.042090002,none,2.88
59,BDX,Healthcare,13.037508,0.03698,0.06835,buy,15.73
60,BRK.B,Unknown,Unknown,Unknown,Unknown,Unknown,Unknow
61,BBY,Consumer Cyclical,9.899122,0.072859995,0.31633,buy,6.84
62,TECH,Healthcare,22.94064,0.05683,0.07825,buy,2.19
63,BIIB,Healthcare,7.133253,0.05289,0.10358,buy,16.66
64,BLK,Financial Services,18.486559,Unknown,Unknown,buy,49.1
65,BX,Financial Services,22.789022,Unknown,0.26601,buy,5.83
66,BK,Financial Services,12.044411,0.01082,0.11229,buy,6.53
67,BA,Industrials,378.617,-0.041020002,Unknown,buy,0.47
68,BKNG,Consumer Cyclical,23.056658,0.18225001,Unknown,buy,209.85
69,BSX,Healthcare,36.5233,Unknown,Unknown,strong_buy,2.79
70,BMY,Healthcare,6.813656,0.07237,0.31986,hold,7.03
71,AVGO,Technology,31.168556,0.069759995,0.14845,strong_buy,6.17
72,BR,Technology,25.424599,0.08861,0.35341,hold,9.35
73,BRO,Financial Services,27.98044,0.052849997,0.16678,buy,4.09
74,BF.B,Unknown,Unknown,Unknown,Unknown,Unknown,Unknow
75,BLDR,Industrials,10.416309,0.09458,0.23877001,buy,11.65
76,BG,Consumer Defensive,8.7,0.03886,0.10438,buy,9.3
77,BXP,Real Estate,35.2139,0.02421,0.01044,buy,1.87
78,CHRW,Industrials,18.855042,0.08492,0.29655,buy,4.76
79,CDNS,Technology,42.281754,0.11858,0.26133,buy,6.85
80,CZR,Consumer Cyclical,21.22388,0.043119997,-0.04639,buy,1.34
81,CPT,Real Estate,70.37037,0.020680001,0.03487,buy,1.62
82,CPB,Consumer Defensive,10.642229,0.064959995,0.13423,hold,3.41
83,COF,Financial Services,11.668582,0.00999,0.08028,buy,15.66
84,CAH,Healthcare,15.921295,0.0301,Unknown,buy,8.64
85,KMX,Consumer Cyclical,17.249336,0.01806,0.08128,buy,3.77
86,CCL,Consumer Cyclical,10.813953,0.048130002,0.2587,buy,1.72
87,CARR,Industrials,19.75658,0.04147,0.103590004,buy,3.04
88,CAT,Industrials,13.835216,0.09675,0.55327,buy,22.15
89,CBOE,Financial Services,23.266884,0.09678,0.1851,hold,9.18
90,CBRE,Real Estate,20.121668,0.038900003,0.11921,buy,6.0
91,CDW,Technology,15.607707,0.07495,0.49043998,buy,10.12
92,COR,Healthcare,17.47555,0.02861,1.98149,buy,16.36
93,CNC,Healthcare,8.194602,0.03779,0.12527001,buy,7.04
94,CNP,Utilities,21.948275,0.02971,0.092209995,buy,1.74
95,CF,Basic Materials,12.697412,0.07745,0.18503,hold,6.18
96,CRL,Healthcare,11.153697,0.0434,0.0070599997,hold,10.28
97,SCHW,Financial Services,21.036842,Unknown,Unknown,buy,3.8
98,CHTR,Communication Services,10.442986,0.05639,0.33116,hold,35.78
99,CVX,Energy,12.566123,0.056160003,0.11266,buy,11.04
100,CMG,Consumer Cyclical,39.52672,0.14265001,0.45574,buy,1.31
101,CB,Financial Services,11.821685,0.02701,0.12855,buy,23.61
102,CHD,Consumer Defensive,26.624664,0.083380006,0.14247,hold,3.73
103,CI,Healthcare,10.707535,0.03925,0.086260006,buy,31.32
104,CINF,Financial Services,18.238745,0.052529998,0.17608,buy,7.33
105,CTAS,Industrials,44.529915,0.15531999,0.40296,hold,4.68
106,CSCO,Technology,14.541025,0.065560006,0.20019,buy,3.9
107,C,Financial Services,9.5173855,0.00541,0.06435,buy,7.19
108,CFG,Financial Services,9.576228,0.00703,0.06367,buy,3.87
109,CLX,Consumer Defensive,18.96708,0.11265001,2.7610598,hold,7.29
110,CME,Financial Services,25.679844,0.01762,0.13387,hold,10.37
111,CMS,Utilities,20.162012,0.03091,0.11234,buy,3.58
112,KO,Consumer Defensive,24.212122,0.09017,0.39549,buy,2.97
113,CTSH,Technology,14.462926,0.09838,0.16211,hold,4.99
114,CL,Consumer Defensive,24.329018,0.16023001,4.51259,buy,3.86
115,CMCSA,Communication Services,7.739726,0.05451,0.18049,buy,4.38
116,CAG,Consumer Defensive,9.089219,0.05133,0.03658,hold,2.69
117,COP,Energy,11.422168,0.08403,0.16209,buy,8.03
118,ED,Utilities,19.653025,0.029979998,0.08442,hold,5.62
119,STZ,Consumer Defensive,12.218194,0.092709996,-0.0036199999,buy,15.17
120,CEG,Utilities,24.915085,0.05151,0.30115,buy,8.95
121,COO,Healthcare,19.825981,0.03797,0.05251,buy,4.08
122,CPRT,Industrials,35.0,0.12133,0.19184999,none,1.74
123,GLW,Technology,19.125542,0.03083,0.051620003,buy,2.31
124,CPAY,Technology,14.518936,0.06565,0.31228,buy,22.18
125,CTVA,Basic Materials,19.149532,0.02911,0.035,buy,3.21
126,CSGP,Real Estate,73.94643,0.00032000002,0.01863,buy,1.12
127,COST,Consumer Defensive,49.652435,0.087349996,0.32894,buy,19.68
128,CTRA,Energy,10.888412,0.04121,0.08565,buy,2.33
129,CRWD,Technology,99.50352,-0.0046900003,-0.00587,buy,4.27
130,CCI,Real Estate,37.384327,0.03994,-1.24936,buy,2.68
131,CSX,Industrials,13.714286,0.07445,0.26121,buy,2.03
132,CMI,Industrials,13.0222025,0.07453,0.38356,hold,22.52
133,CVS,Healthcare,10.080247,0.01993,0.0602,buy,6.48
134,DHR,Healthcare,23.525059,0.03928,0.07219,strong_buy,8.38
135,DRI,Consumer Cyclical,18.854166,0.07198,0.48222,buy,10.56
136,DVA,Healthcare,12.383318,0.071490005,0.5174,hold,11.27
137,DAY,Technology,26.158371,0.00698,0.00732,buy,2.21
138,DECK,Consumer Cyclical,17.16824,0.19806999,0.39797002,buy,6.36
139,DE,Industrials,20.717184,0.0496,0.27745,buy,22.17
140,DELL,Technology,10.094681,0.05351,Unknown,buy,9.4
141,DAL,Industrials,5.923077,0.04735,0.27521,buy,7.02
142,DVN,Energy,7.029148,0.093100004,0.21857001,buy,4.46
143,DXCM,Healthcare,35.300495,0.05883,0.27628002,strong_buy,2.03
144,FANG,Energy,9.34153,0.06336,0.1292,buy,14.64
145,DLR,Real Estate,132.13223,0.00999,0.01849,buy,1.21
146,DFS,Financial Services,14.567376,0.03185,0.28472,buy,12.69
147,DG,Consumer Defensive,15.0418005,0.03917,0.15890001,buy,6.22
148,DLTR,Consumer Defensive,13.29538,0.04654,0.18466999,buy,6.06
149,D,Utilities,15.66568,0.02706,0.06489,hold,3.38
150,DPZ,Consumer Cyclical,27.64059,0.32209,Unknown,buy,17.64
151,DASH,Communication Services,105.48315,0.00274,0.016,buy,1.78
152,DOV,Industrials,17.96068,0.06711,0.16876,buy,9.41
153,DOW,Basic Materials,9.652734,0.01827,0.020599999,hold,3.11
154,DHI,Consumer Cyclical,7.8192086,0.098900005,0.17649001,buy,15.93
155,DTE,Utilities,18.690706,0.028299998,0.123380005,buy,7.21
156,DUK,Utilities,18.903786,0.027309999,0.09077,buy,6.34
157,DD,Basic Materials,14.963554,0.03112,0.03207,strong_buy,4.39
158,EMN,Basic Materials,8.717241,Unknown,Unknown,buy,8.7
159,ETN,Industrials,23.968466,0.07605,0.20201999,buy,12.05
160,EBAY,Consumer Cyclical,12.994254,0.06874,0.34291,hold,5.22
161,ECL,Basic Materials,31.752,0.07545,0.25287,buy,7.5
162,EIX,Utilities,10.168421,0.02892,0.07197,buy,5.7
163,EW,Healthcare,31.036734,Unknown,Unknown,buy,2.45
164,EA,Communication Services,17.186401,0.07121,0.14038,buy,8.53
165,ELV,Healthcare,12.065235,0.0493,0.14175001,buy,34.95
166,EMR,Industrials,16.658228,0.04448,0.07704,buy,6.32
167,ENPH,Technology,12.795082,0.03012,0.17132,hold,3.66
168,ETR,Utilities,10.931525,0.028369999,0.069520004,buy,7.74
169,EOG,Energy,10.223327,0.1112,0.22294001,buy,11.06
170,EPAM,Technology,14.219839,0.08299,0.12798999,buy,11.19
171,EQT,Energy,19.936508,0.0125,0.022969998,buy,2.52
172,EFX,Industrials,27.256113,0.05641,0.12519,buy,9.41
173,EQIX,Real Estate,62.638264,0.02971,0.062459998,buy,13.38
174,EQR,Real Estate,40.550293,0.026659999,0.09247,buy,1.69
175,ERIE,Financial Services,27.003733,0.16288,0.3238,strong_buy,13.4
176,ESS,Real Estate,45.76412,0.02846,0.14262,hold,6.02
177,EL,Consumer Defensive,21.996296,0.043470003,-0.1299,hold,2.7
178,EG,Financial Services,5.312923,0.01809,0.10141,buy,66.47
179,EVRG,Utilities,16.80198,0.02868,0.090050004,buy,4.04
180,ES,Utilities,12.104602,0.03061,0.05549,buy,4.78
181,EXC,Utilities,17.574144,0.02545,0.0934,buy,2.63
182,EXE,Energy,24.834908,-0.014249999,-0.05047,buy,4.24
183,EXPE,Consumer Cyclical,11.149722,0.04724,0.43832,buy,14.36
184,EXPD,Industrials,20.182156,0.14029,0.35157,underperform,5.38
185,EXR,Real Estate,29.508368,0.032899998,0.05947,buy,4.78
186,XOM,Energy,13.795425,0.062459998,0.14515,buy,7.87
187,FFIV,Technology,17.534416,0.07897,0.19513,hold,15.4
188,FDS,Financial Services,22.723232,0.10808,0.28119,hold,18.68
189,FICO,Technology,52.523815,0.28855,Unknown,buy,37.17
190,FAST,Industrials,36.863014,0.20121,0.32351002,hold,2.19
191,FRT,Real Estate,30.74267,0.031059999,0.091529995,buy,3.07
192,FDX,Industrials,9.29934,0.04879,0.14762,buy,22.75
193,FIS,Technology,13.880911,0.026889998,0.04546,buy,5.71
194,FITB,Financial Services,9.665752,0.01081,0.11715,buy,3.65
195,FSLR,Technology,6.8005753,0.077470005,0.17621,buy,20.86
196,FE,Utilities,14.650518,Unknown,Unknown,buy,2.89
197,FI,Technology,17.421984,0.04385,0.116780005,buy,10.19
198,F,Consumer Cyclical,5.737143,0.01164,0.13448,hold,1.75
199,FTNT,Technology,42.240665,0.13209,3.38742,hold,2.41
200,FTV,Technology,16.527576,0.04211,0.08118,buy,4.17
201,FOXA,Communication Services,13.230562,0.08124,0.20055,buy,3.73
202,FOX,Communication Services,19.485107,0.08124,0.20055,none,2.35
203,BEN,Financial Services,7.2,0.02474,0.04018,underperform,2.6
204,FCX,Basic Materials,17.291666,0.07496,0.14062001,buy,2.16
205,GRMN,Technology,26.670242,0.10927,0.18996,hold,7.46
206,IT,Technology,31.545868,0.08908,1.2292501,buy,13.19
207,GE,Industrials,37.86832,0.03718,0.27197,strong_buy,5.24
208,GEHC,Healthcare,14.650963,0.05771,0.25686002,buy,4.67
209,GEV,Industrials,53.973915,0.01749,0.19641,buy,6.9
210,GEN,Technology,10.310204,0.07944,0.28059,buy,2.45
211,GNRC,Industrials,13.750304,0.06576,0.13079001,buy,8.21
212,GD,Industrials,16.913557,0.055999998,0.18228,buy,16.08
213,GIS,Consumer Defensive,11.944681,0.07201,0.26834,hold,4.7
214,GM,Consumer Cyclical,4.456954,0.02876,0.08906999,buy,10.57
215,GPC,Consumer Cyclical,13.770956,0.04816,0.19131,buy,8.47
216,GILD,Healthcare,13.885599,0.11996,0.32654998,buy,7.43
217,GPN,Industrials,5.6625004,0.03258,0.07026,buy,12.8
218,GL,Financial Services,9.074538,0.032279998,0.21869,buy,13.55
219,GDDY,Technology,27.332338,0.07382,2.48416,buy,6.71
220,GS,Financial Services,13.110201,0.008590001,0.12255,buy,41.56
221,HAL,Energy,6.415385,0.09115,0.21004,buy,3.25
222,HIG,Financial Services,10.229114,0.03079,0.18495001,buy,11.61
223,HAS,Consumer Cyclical,13.767495,0.083459996,0.39041,buy,4.43
224,HCA,Healthcare,13.357231,0.11607,16.05769,buy,24.55
225,DOC,Real Estate,71.32,0.01785,0.0332,buy,0.25
226,HSIC,Healthcare,12.532692,0.044850003,0.079679996,hold,5.2
227,HSY,Consumer Defensive,19.438095,0.15055999,0.50404,hold,8.4
228,HES,Energy,17.413158,0.11536,0.29178,buy,7.6
229,HPE,Technology,7.7333336,0.02473,0.12060001,buy,2.1
230,HLT,Consumer Cyclical,27.486858,0.092209995,Unknown,buy,7.99
231,HOLX,Healthcare,12.292374,0.07102,0.15784,hold,4.72
232,HD,Consumer Cyclical,22.921793,0.15585,3.8537202,buy,15.6
233,HON,Industrials,18.08901,0.074990004,0.32244998,buy,11.01
234,HRL,Consumer Defensive,17.573965,0.04913,0.09523,hold,1.69
235,HST,Real Estate,14.3092785,0.03845,0.10395,buy,0.97
236,HWM,Industrials,42.826496,0.0959,0.26889,buy,3.17
237,HPQ,Technology,7.0222225,0.06874,Unknown,hold,3.6
238,HUBB,Industrials,20.307,0.101560004,0.25389,buy,17.72
239,HUM,Healthcare,15.700712,0.04066,0.07411,buy,16.84
240,HBAN,Financial Services,10.746268,0.01026,0.103719994,buy,1.34
241,HII,Industrials,14.416454,0.03559,0.12559,hold,15.68
242,IBM,Technology,21.904808,0.044689998,0.21851,buy,10.61
243,IEX,Industrials,20.305162,0.06996,0.13758,buy,8.52
244,IDXX,Healthcare,36.575253,0.22694999,0.57657003,buy,11.96
245,ITW,Industrials,22.383179,0.17541,1.1020501,hold,10.7
246,INCY,Healthcare,9.6351795,0.00863,0.0075499997,buy,6.14
247,IR,Industrials,21.180792,0.05415,0.08424,buy,3.54
248,PODD,Healthcare,67.36693,0.06803,0.43028,buy,3.87
249,INTC,Technology,20.670101,-0.01092,-0.18127,hold,0.97
250,ICE,Financial Services,24.218102,0.020079998,0.10474,buy,6.74
251,IFF,Basic Materials,16.53796,0.015149999,0.0173,buy,4.61
252,IP,Consumer Cyclical,15.783333,0.02627,0.0674,buy,3.0
253,IPG,Communication Services,8.930909,0.051220004,0.13577,buy,2.75
254,INTU,Technology,28.075573,0.08257,0.17424999,buy,22.23
255,ISRG,Healthcare,65.46947,0.08841,0.15958,buy,7.86
256,IVZ,Financial Services,7.3703704,0.02306,0.04764,hold,1.89
257,INVH,Real Estate,45.648647,0.02352,0.04558,buy,0.74
258,IQV,Healthcare,12.450705,0.05317,0.22547,buy,12.07
259,IRM,Real Estate,44.7551,0.041890003,2.25057,buy,1.96
260,JBHT,Industrials,18.068245,0.061100002,0.13971,buy,7.18
261,JBL,Technology,14.677322,0.0461,0.24104,buy,10.01
262,JKHY,Technology,27.045885,0.112959996,0.21903,hold,6.32
263,J,Industrials,18.281202,0.04547,0.0817,buy,6.65
264,JNJ,Healthcare,14.583018,0.07735,0.29447,buy,10.6
265,JCI,Industrials,19.348448,0.03691,0.08182,buy,4.19
266,JPM,Financial Services,14.548985,0.01413,0.17352,buy,16.74
267,JNPR,Technology,17.979797,0.02329,0.062069997,none,1.98
268,K,Consumer Defensive,68.85,0.08288,0.37402,hold,1.2
269,KVUE,Consumer Defensive,18.860655,0.06882,0.09866,hold,1.22
270,KDP,Consumer Defensive,16.780489,0.04058,0.06126,buy,2.05
271,KEY,Financial Services,9.435898,0.00013,0.0014300001,buy,1.56
272,KEYS,Technology,20.661406,0.05746,0.122150004,buy,6.97
273,KMB,Consumer Defensive,17.249018,0.115430005,2.0706,hold,7.63
274,KIM,Real Estate,29.07143,0.021300001,0.04078,buy,0.7
275,KMI,Energy,21.309525,0.03728,0.0845,buy,1.26
276,KKR,Financial Services,18.719933,0.01449,0.081520006,buy,6.07
277,KLAC,Technology,21.164228,0.17688999,0.96809,buy,32.82
278,KHC,Consumer Defensive,9.605864,0.03862,0.05545,hold,3.07
279,KR,Consumer Defensive,15.283843,0.056339998,0.26879,buy,4.58
280,LHX,Industrials,15.015983,0.04059,0.085209996,buy,14.39
281,LH,Healthcare,14.25156,0.04052,0.09364,strong_buy,16.02
282,LRCX,Technology,16.725994,0.17291,0.53138,buy,4.27
283,LW,Consumer Defensive,10.429719,0.07366,0.2164,buy,4.98
284,LVS,Consumer Cyclical,13.050909,Unknown,Unknown,buy,2.75
285,LDOS,Technology,13.943542,0.08794,0.28699,buy,10.45
286,LEN,Consumer Cyclical,6.6685257,0.08224,0.15213999,buy,16.14
287,LII,Industrials,22.573202,0.19844,1.3148301,hold,23.36
288,LLY,Healthcare,39.035305,0.15329,0.84264,buy,22.66
289,LIN,Basic Materials,26.454275,0.06903,0.16721001,buy,16.95
290,LYV,Communication Services,54.8595,0.0403,0.67384005,buy,2.42
291,LKQ,Consumer Cyclical,10.334254,0.053600002,0.113900006,buy,3.62
292,LMT,Industrials,16.991817,0.0832,0.82547,buy,28.11
293,L,Financial Services,29.403446,0.01751,0.0867,none,2.9
294,LOW,Consumer Cyclical,17.490894,0.1567,Unknown,buy,12.63
295,LULU,Consumer Cyclical,17.943737,0.21314,0.42417,buy,14.93
296,LYB,Basic Materials,6.9036007,0.03849,0.07437,hold,8.61
297,MTB,Financial Services,10.28194,0.012410001,0.09405,buy,16.28
298,MPC,Energy,13.47451,0.04366,0.18127,buy,10.2
299,MKTX,Financial Services,26.609964,0.111999996,0.20448999,buy,8.23
300,MAR,Consumer Cyclical,22.283018,0.09340999,Unknown,buy,10.6
301,MMC,Financial Services,23.249205,0.07929,0.30532,hold,9.43
302,MLM,Basic Materials,24.205374,0.055710003,0.22822,buy,20.84
303,MAS,Industrials,13.6696825,0.16038999,11.165561,buy,4.42
304,MA,Financial Services,32.56899,0.22715999,1.90557,buy,16.38
305,MTCH,Communication Services,12.125,0.11895,Unknown,buy,2.48
306,MKC,Consumer Defensive,23.891027,0.05165,0.14659001,hold,3.12
307,MCD,Consumer Cyclical,25.11816,0.13307,Unknown,buy,12.61
308,MCK,Healthcare,18.880737,0.05243,Unknown,buy,36.81
309,MDT,Healthcare,14.386326,0.04656,0.08442,buy,5.85
310,MRK,Healthcare,8.802128,Unknown,Unknown,buy,9.4
311,META,Communication Services,21.631227,0.16863,0.37140998,strong_buy,25.3
312,MET,Financial Services,7.7595463,0.00508,0.15336001,buy,9.69
313,MTD,Healthcare,24.92465,0.21506001,Unknown,hold,42.6
314,MGM,Consumer Cyclical,13.769566,0.02456,0.26327,buy,2.3
315,MCHP,Technology,18.034616,0.025209999,0.0471,buy,2.6
316,MU,Technology,6.198912,0.055219997,0.101009995,strong_buy,12.87
317,MSFT,Technology,26.210703,0.14649001,0.34291,strong_buy,14.95
318,MAA,Real Estate,38.40482,0.03524,0.08731,buy,4.15
319,MRNA,Healthcare,-3.1287355,-0.15141,-0.2877,hold,-8.7
320,MHK,Consumer Cyclical,9.584754,0.03829,0.06819,buy,11.15
321,MOH,Healthcare,12.232985,0.06728,0.26718,buy,25.71
322,TAP,Consumer Defensive,9.578415,0.043169998,0.08611,hold,5.93
323,MDLZ,Consumer Defensive,19.122448,0.05756,0.16712,buy,3.43
324,MPWR,Technology,33.976715,0.11141,0.68776,buy,17.18
325,MNST,Consumer Defensive,31.37433,0.14774999,0.21274,buy,1.87
326,MCO,Financial Services,32.92943,0.12687999,0.55498004,buy,13.32
327,MS,Financial Services,14.629256,Unknown,Unknown,hold,7.93
328,MOS,Basic Materials,11.841463,0.016900001,0.0168,buy,2.46
329,MSI,Technology,29.28659,0.12674,1.28723,buy,14.69
330,MSCI,Financial Services,31.417837,0.18135999,Unknown,buy,17.04
331,NDAQ,Financial Services,24.0,0.04393,0.11415,buy,3.14
332,NTAP,Technology,11.668865,0.09519,1.14329,hold,7.58
333,NFLX,Communication Services,46.321697,0.13789,0.40842,buy,23.78
334,NEM,Basic Materials,14.08355,0.07857,0.1666,buy,3.83
335,NWSA,Communication Services,25.59434,0.03433,0.0619,none,1.06
336,NWS,Communication Services,31.074627,0.03433,0.0619,none,Unknow
337,NEE,Utilities,17.959238,0.02557,0.07056,buy,3.68
338,NKE,Consumer Cyclical,17.839008,0.08262,0.31934,buy,3.23
339,NI,Utilities,21.209677,0.02885,0.081199996,buy,1.86
340,NDSN,Industrials,18.080692,0.07441,0.16153999,buy,10.41
341,NSC,Industrials,16.326216,0.067379996,0.24542,buy,13.58
342,NTRS,Financial Services,11.988219,0.01375,0.17681,hold,7.64
343,NOC,Industrials,16.863863,0.06404,0.25412,buy,28.06
344,NCLH,Consumer Cyclical,8.2440195,0.04642,1.05461,buy,2.09
345,NRG,Utilities,15.7,0.05698,0.4179,buy,6.9
346,NUE,Basic Materials,12.363249,0.05375,0.106520005,buy,9.36
347,NVDA,Technology,26.944176,0.57417,1.1917701,strong_buy,4.12
348,NVR,Consumer Cyclical,13.650072,0.20363002,0.38251,hold,518.05
349,NXPI,Technology,14.8087225,0.09043,0.27493998,buy,13.07
350,ORLY,Consumer Cyclical,29.973299,0.13728,Unknown,buy,44.94
351,OXY,Energy,12.772152,0.04123,0.08934,hold,3.16
352,ODFL,Industrials,24.871187,0.16778,0.26593,hold,5.9
353,OMC,Communication Services,8.671296,0.051999997,0.31022,buy,8.64
354,ON,Technology,9.173611,0.0874,0.18954,buy,4.32
355,OKE,Energy,14.457287,0.05841,0.16117,buy,5.97
356,ORCL,Technology,19.34218,0.073460005,1.03741,buy,7.16
357,OTIS,Industrials,22.178997,0.13961,Unknown,hold,4.19
358,PCAR,Industrials,11.841495,0.07408,0.24933,hold,7.76
359,PKG,Consumer Cyclical,16.443062,Unknown,Unknown,buy,11.24
360,PLTR,Technology,239.95744,0.035720002,0.10812,hold,0.47
361,PANW,Technology,24.858334,0.0357,0.23378,buy,7.2
362,PARA,Communication Services,7.1963186,0.03165,-0.30945,hold,1.63
363,PH,Industrials,20.313179,0.08776,0.25852,buy,29.44
364,PAYX,Technology,27.071835,0.11643,0.44254002,hold,5.29
365,PAYC,Technology,26.100918,0.064229995,0.34874,hold,8.72
366,PYPL,Financial Services,13.361963,0.04299,0.20001,buy,4.89
367,PNR,Industrials,18.556702,0.08545999,0.1859,buy,4.85
368,PEP,Consumer Defensive,15.455388,0.08858,0.49927,hold,8.63
369,PFE,Healthcare,7.8225255,0.0464,0.09057,buy,2.93
370,PCG,Utilities,11.58108,0.024260001,0.08257,buy,1.48
371,PM,Consumer Defensive,23.644445,0.13685,Unknown,buy,7.2
372,PSX,Energy,10.955743,0.009509999,0.0656,buy,9.49
373,PNW,Utilities,20.032051,0.02612,0.09527001,buy,4.68
374,PNC,Financial Services,10.556962,0.0109,0.11334,buy,15.01
375,POOL,Industrials,24.238571,0.098050006,0.31651,buy,12.03
376,PPG,Basic Materials,11.58983,0.068280004,0.18378,buy,8.85
377,PPL,Utilities,19.633879,0.02806,0.06341,buy,1.83
378,PFG,Financial Services,8.703792,0.0038800002,0.14091,hold,8.44
379,PG,Consumer Defensive,21.70081,0.11018,0.30294,buy,7.42
380,PGR,Financial Services,19.203623,0.06865,0.34338,buy,13.8
381,PLD,Real Estate,29.045454,0.023759998,0.06829,buy,3.52
382,PRU,Financial Services,7.0047655,0.00275,0.09486,hold,14.69
383,PEG,Utilities,19.90909,0.02885,0.11218,buy,4.07
384,PTC,Technology,22.004286,0.059359998,0.12994,buy,7.0
385,PSA,Real Estate,27.366886,0.06968,0.20927,buy,10.63
386,PHM,Consumer Cyclical,7.5466666,0.13892001,0.25522,buy,13.5
387,PWR,Industrials,28.281496,0.04664,0.13623,buy,10.16
388,QCOM,Technology,12.14718,0.12626,0.41968,buy,12.23
389,DGX,Healthcare,17.803278,0.06126,0.13951999,buy,9.76
390,RL,Consumer Cyclical,16.894009,0.07935,0.27571,buy,13.02
391,RJF,Financial Services,12.331238,Unknown,Unknown,buy,11.14
392,RTX,Industrials,20.494272,0.03471,0.07802,buy,6.11
393,O,Real Estate,35.779873,0.02299,0.02404,hold,1.59
394,REG,Real Estate,34.009525,0.02859,0.05817,buy,2.1
395,REGN,Healthcare,13.300375,0.07314,0.15951,buy,45.31
396,RF,Financial Services,8.973452,0.0128,0.11306,buy,2.26
397,RSG,Industrials,35.765053,0.06395,0.18545,buy,6.81
398,RMD,Healthcare,22.923227,0.14012,0.25811002,buy,10.29
399,RVTY,Healthcare,18.273256,0.01973,0.036429998,buy,5.16
400,ROK,Industrials,21.78772,0.07114,0.24847999,buy,11.4
401,ROL,Consumer Cyclical,49.38393,0.14879,0.37827,hold,1.12
402,ROP,Technology,27.857143,0.041950002,0.08533,buy,20.02
403,ROST,Consumer Cyclical,20.88341,0.11066,0.40282002,buy,6.69
404,RCL,Consumer Cyclical,14.83345,0.07129,0.45828998,buy,14.29
405,SPGI,Financial Services,28.554432,0.059949998,0.11023,strong_buy,16.81
406,CRM,Technology,24.065588,0.047259998,0.10258,buy,11.13
407,SBAC,Real Estate,24.219193,0.08826999,Unknown,buy,9.17
408,SLB,Energy,9.405994,0.08125,0.20201,buy,3.67
409,STX,Technology,8.525773,0.112110004,Unknown,buy,9.7
410,SRE,Utilities,14.529183,0.01951,0.097950004,buy,5.14
411,NOW,Technology,56.602394,0.049200002,0.16858,buy,16.7
412,SHW,Basic Materials,25.948357,0.101289995,0.69045997,buy,12.78
413,SPG,Real Estate,23.106195,0.05797,0.74901,buy,6.78
414,SWKS,Technology,9.6125,0.05251,0.08342,hold,6.4
415,SJM,Consumer Defensive,10.943021,0.0552,-0.03549,hold,10.53
416,SW,Consumer Cyclical,11.698061,0.0298,0.02708,buy,3.61
417,SNA,Industrials,15.345924,0.10828,0.19538,hold,20.12
418,SOLV,Healthcare,11.947558,0.048060004,0.0655,hold,5.53
419,SO,Utilities,20.932869,0.03373,0.1185,hold,4.32
420,LUV,Industrials,16.660378,0.009330001,0.05593,hold,1.59
421,SWK,Industrials,11.216759,0.0276,0.03221,hold,5.49
422,SBUX,Consumer Cyclical,22.52957,0.09776,Unknown,buy,3.72
423,STT,Financial Services,9.35546,0.0080699995,0.1122,buy,9.34
424,STLD,Basic Materials,12.683267,0.05924,0.13199,buy,10.04
425,STE,Healthcare,22.567703,0.05589,0.096140005,buy,9.97
426,SYK,Healthcare,26.981524,0.07474,0.1526,buy,13.53
427,SMCI,Technology,8.601416,0.12758,0.31015,hold,4.24
428,SYF,Financial Services,7.9474497,0.02437,0.18597999,buy,6.47
429,SNPS,Technology,30.03497,0.06647,0.15951,strong_buy,14.87
430,SYY,Consumer Defensive,14.416666,0.088520005,0.86513,buy,4.92
431,TMUS,Communication Services,21.81537,0.055999998,0.19351,buy,10.67
432,TROW,Financial Services,9.458823,0.11412,0.19646999,hold,9.35
433,TTWO,Communication Services,28.74745,-0.02478,-0.51451,buy,7.84
434,TPR,Consumer Cyclical,14.470587,0.07958,0.39821997,buy,4.76
435,TRGP,Energy,21.503632,0.07762,0.34414002,strong_buy,8.26
436,TGT,Consumer Defensive,9.189343,0.06341,0.2912,buy,10.51
437,TEL,Technology,16.058954,0.081140004,0.1122,buy,8.99
438,TDY,Technology,21.369991,0.04537,0.086210005,buy,21.46
439,TER,Technology,18.145884,0.09519,0.20294,buy,4.25
440,TSLA,Consumer Cyclical,87.94753,0.03724,0.087740004,hold,3.24
441,TXN,Technology,27.697279,0.10041001,0.29189,buy,5.88
442,TPL,Energy,18.252598,0.28298,0.41731,none,73.12
443,TXT,Industrials,10.211941,0.04261,0.11699,buy,6.7
444,TMO,Healthcare,18.060452,0.05,0.13704,buy,23.49
445,TJX,Consumer Cyclical,27.513044,0.12810001,0.61982,buy,4.6
446,TKO,Communication Services,48.487656,0.01393,0.00072999997,strong_buy,3.24
447,TSCO,Consumer Cyclical,4.485175,0.091120005,0.49624002,buy,11.13
448,TT,Industrials,27.507511,0.1095,0.36048,hold,12.65
449,TDG,Industrials,31.695723,0.112320006,Unknown,buy,43.48
450,TRV,Financial Services,12.195765,0.02691,0.16052,hold,21.25
451,TRMB,Technology,20.708054,0.03155,0.29367,buy,2.98
452,TFC,Financial Services,9.536708,0.00016000001,0.0013400001,buy,3.95
453,TYL,Technology,48.443214,0.04473,0.08871,buy,10.83
454,TSN,Consumer Defensive,17.32,0.03482,0.05819,buy,3.5
455,USB,Financial Services,9.219399,0.00988,0.11526,buy,4.33
456,UBER,Technology,32.944916,0.038900003,0.56004,buy,2.36
457,UDR,Real Estate,87.87234,0.01747,0.02037,buy,0.47
458,ULTA,Consumer Cyclical,16.776125,0.16707,0.50386,buy,22.87
459,UNP,Industrials,17.612717,0.08991,0.42468,buy,12.11
460,UAL,Industrials,5.6410255,0.04824,0.33571997,buy,12.09
461,UPS,Industrials,11.113507,0.07106,0.33955002,buy,8.81
462,URI,Industrials,13.521126,0.09315,0.30173,buy,46.86
463,UNH,Healthcare,14.001338,0.07044,0.22700001,strong_buy,29.9
464,UHS,Healthcare,9.453744,0.07407,0.17943001,buy,18.16
465,VLO,Energy,11.800001,0.02456,0.03714,buy,9.65
466,VTR,Real Estate,426.00003,0.017970001,0.00842,buy,0.16
467,VLTO,Industrials,24.616,0.124910004,0.48514998,buy,3.75
468,VRSN,Technology,31.536419,0.42139,Unknown,buy,8.65
469,VRSK,Industrials,39.23868,0.18275,4.45084,hold,7.29
470,VZ,Communication Services,8.860465,0.05152,0.18416001,buy,4.73
471,VRTX,Healthcare,26.310068,0.12683,-0.031519998,buy,18.77
472,VTRS,Healthcare,3.0449438,0.02487,-0.03244,hold,2.67
473,VICI,Real Estate,11.802198,0.049489997,0.10345,buy,2.73
474,V,Financial Services,26.474726,0.16712,0.51191,buy,12.66
475,VST,Utilities,18.353622,0.072119996,0.51573,buy,6.9
476,VMC,Basic Materials,27.207048,0.056009997,0.11766,buy,9.08
477,WRB,Financial Services,16.2023,Unknown,Unknown,buy,4.35
478,GWW,Industrials,24.076704,0.19674999,0.55683,hold,42.11
479,WAB,Industrials,21.67609,0.05728,0.106800005,buy,8.49
480,WBA,Healthcare,7.489796,-0.00587,-0.66207004,hold,1.47
481,WMT,Consumer Defensive,34.959557,0.07124,0.21414,buy,2.72
482,DIS,Communication Services,17.530096,0.04251,0.05905,buy,5.15
483,WBD,Communication Services,-66.07693,0.00349,-0.28208,buy,-0.13
484,WM,Industrials,28.291203,0.0696,0.36238,buy,8.07
485,WAT,Healthcare,26.132252,0.114029996,0.42824,buy,12.93
486,WEC,Utilities,20.637932,0.02849,0.12247,buy,5.22
487,WFC,Financial Services,12.701276,0.01031,0.11021,buy,5.49
488,WELL,Real Estate,80.74725,0.01687,0.033010002,buy,1.82
489,WST,Healthcare,28.530586,0.1033,0.17421,strong_buy,7.52
490,WDC,Technology,4.6288304,0.06177,0.10829,buy,8.81
491,WY,Real Estate,28.848837,0.02419,0.03706,buy,0.86
492,WSM,Consumer Cyclical,18.596556,0.16951,0.52702,hold,8.13
493,WMB,Energy,28.24402,0.03937,0.15782,buy,2.09
494,WTW,Financial Services,16.70481,0.04535,-0.00484,buy,18.09
495,WDAY,Technology,28.859035,0.01812,0.06146,buy,8.3
496,WYNN,Consumer Cyclical,16.356573,0.05353,Unknown,buy,5.02
497,XEL,Utilities,18.015667,0.02172,0.102589995,buy,3.83
498,XYL,Industrials,24.442104,0.04298,0.08453,buy,4.75
499,YUM,Consumer Cyclical,24.226974,0.24493,Unknown,hold,6.08
500,ZBRA,Technology,15.351621,0.06261,0.15946999,buy,16.04
501,ZBH,Healthcare,11.803488,0.046490002,0.07253,hold,8.6
502,ZTS,Healthcare,24.206625,0.1487,0.51142,buy,6.34
